country_label ; primary_language ; category ; name_local ; name_english ; official_website ; confidence ; statutory_role ; notes
China ; Chinese ; TSO ; 国家电网有限公司 ; State Grid Corporation of China (SGCC) ; https://www.sgcc.com.cn/ ; HIGH ; Primary national transmission grid owner/operator (regional coverage under SGCC) ;" Multi-TSO system; one of two primary national grid companies."
China ; Chinese ; TSO ; 中国南方电网有限责任公司 ; China Southern Power Grid (CSG) ; https://www.csg.cn/ ; HIGH ; Primary national transmission grid owner/operator (southern region) ;" Multi-TSO system; one of two primary national grid companies."
China ; Chinese ; ElectricityRegulator ; 国家能源局 ; National Energy Administration (NEA) ; https://www.nea.gov.cn/ ; HIGH ; National electricity/energy regulator and sector overseer ;
China ; Chinese ; EnergyMinistry ; 国家发展和改革委员会 ; National Development and Reform Commission (NDRC) ; https://www.ndrc.gov.cn/ ; HIGH ; National energy policy and planning authority ;
China ; Chinese ; MarketOperator ; 广州电力交易中心有限责任公司 ; Guangzhou Power Exchange Center ; https://www.gzpec.cn/ ; MED ; Power trading platform for inter-provincial/market transactions (CSG area) ;
China ; Chinese ; MarketOperator ; 北京电力交易中心有限公司 ; Beijing Power Exchange Center ; https://www.nea.gov.cn/2020-01/20/c_138720429.htm ; LOW ; Power trading platform for inter-provincial/market transactions (SGCC area) ;" No standalone official public website found; linked to NEA page referencing the institution."
China ; Chinese ; SystemPlanningBody ; 国家能源局 ; National Energy Administration (NEA) ; https://www.nea.gov.cn/ ; HIGH ; National power sector planning and oversight ;" Same institution as ElectricityRegulator; retained due to distinct role."
China ; Chinese ; RenewablesAgency ; 国家可再生能源中心 ; China National Renewable Energy Centre (CNREC) ; https://www.cnrec.org.cn/ ; MED ; National renewables policy support and analytical center ;
China ; Chinese ; NuclearAgency ; 国家原子能机构 ; China Atomic Energy Authority (CAEA) ; https://www.caea.gov.cn/ ; HIGH ; National nuclear administration and international cooperation ;
China ; Chinese ; EnergyIndustryAssociation ; 中国电力企业联合会 ; China Electricity Council (CEC) ; https://english.cec.org.cn/ ; HIGH ; National electricity industry association ;
China ; Chinese ; RenewableIndustryAssociation ; 中国可再生能源学会 ; China Renewable Energy Society (CRES) ; https://www.cres.org.cn/ ; MED ; National renewable energy professional/industry society ;
China ; Chinese ; AdvisoryCouncil ; 国家能源委员会专家咨询委员会 ; Expert Advisory Committee of the National Energy Commission ; https://www.nea.gov.cn/nyzjzx/ ; MED ; Provides expert consultation to the National Energy Commission ;
China ; Chinese ; EnergyResearchInstitute ; 中国宏观经济研究院能源研究所 ; Energy Research Institute, Chinese Academy of Macroeconomic Research (CAMR) ; https://www.amr.org.cn/ghxz_new/yjy/nyyjs/wap_index_1.html ; MED ; National energy economics and policy research supporting NDRC ;
India ; English ; TSO ; Power Grid Corporation of India Limited ; Power Grid Corporation of India Limited (POWERGRID) ; https://www.powergrid.in/ ; HIGH ;" Central Transmission Utility; builds/operates interstate transmission ";
India ; English ; ElectricityRegulator ; Central Electricity Regulatory Commission ; Central Electricity Regulatory Commission (CERC) ; https://cercind.gov.in/ ; HIGH ; National electricity regulator for interstate transmission and wholesale market rules ;
India ; English ; EnergyMinistry ; Ministry of Power ; Ministry of Power, Government of India ; https://powermin.gov.in/ ; HIGH ; National electricity policy and administration ;
India ; English ; MarketOperator ; Indian Energy Exchange Limited ; Indian Energy Exchange (IEX) ; https://www.iexindia.com/ ; HIGH ; Power exchange operating wholesale electricity markets ;
India ; English ; MarketOperator ; Power Exchange India Limited ; Power Exchange India Limited (PXIL) ; https://www.powerexindia.com/ ; MED ; Power exchange operating wholesale electricity markets ;
India ; English ; ISO_RTO ; Grid Controller of India Limited ; Grid Controller of India Limited (Grid-India) ; https://grid-india.in/ ; HIGH ; National system operator (NLDC/RLDCs) ;
India ; English ; SystemPlanningBody ; Central Electricity Authority ; Central Electricity Authority (CEA) ; https://cea.nic.in/ ; HIGH ; Statutory technical authority for power sector planning and standards ;
India ; English ; RenewablesAgency ; Ministry of New and Renewable Energy ; Ministry of New and Renewable Energy (MNRE) ; https://mnre.gov.in/ ; HIGH ; National renewables policy and programmes ;
India ; English ; NuclearAgency ; Department of Atomic Energy ; Department of Atomic Energy (DAE) ; https://dae.gov.in/ ; HIGH ; National nuclear energy administration ;
India ; English ; EnergyIndustryAssociation ; Central Board of Irrigation and Power ; Central Board of Irrigation and Power (CBIP) ; https://cbip.org/ ; MED ; National power-sector professional/industry body ;
India ; English ; RenewableIndustryAssociation ; National Solar Energy Federation of India ; National Solar Energy Federation of India (NSEFI) ; https://www.nsefi.in/ ; MED ; National renewable (solar) industry association ;
India ; English ; AdvisoryCouncil ; NITI Aayog ; NITI Aayog (National Institution for Transforming India) ; https://www.niti.gov.in/ ; MED ; National policy advisory body influencing energy/electricity strategy ;
India ; English ; EnergyResearchInstitute ; National Institute of Solar Energy ; National Institute of Solar Energy (NISE) ; https://nise.res.in/ ; MED ; National renewables R&D/testing institute under MNRE ;
South Korea ; Korean ; TSO ; 한국전력공사 ; Korea Electric Power Corporation (KEPCO) ; https://home.kepco.co.kr/ ; HIGH ; Primary national transmission network owner/operator and distribution utility ;
South Korea ; Korean ; ElectricityRegulator ; 전기위원회 ; Electricity Commission (under MOTIE) ; https://www.motie.go.kr/ ; MED ; Statutory electricity regulatory commission under the ministry ;" No standalone official website located; linked to MOTIE."
South Korea ; Korean ; EnergyMinistry ; 산업통상자원부 ; Ministry of Trade, Industry and Energy (MOTIE) ; https://www.motie.go.kr/ ; HIGH ; National energy and electricity policy ministry ;
South Korea ; Korean ; MarketOperator ; 전력거래소 ; Korea Power Exchange (KPX) ; https://www.kpx.or.kr/ ; HIGH ; Operates wholesale electricity market ;
South Korea ; Korean ; ISO_RTO ; 전력거래소 ; Korea Power Exchange (KPX) ; https://www.kpx.or.kr/ ; HIGH ; System operator (dispatch and real-time system operation) ;" Same institution as MarketOperator; retained due to distinct role."
South Korea ; Korean ; SystemPlanningBody ; 산업통상자원부 ; Ministry of Trade, Industry and Energy (MOTIE) ; https://www.motie.go.kr/ ; MED ; Leads national power supply-demand planning ;" Same institution as EnergyMinistry; retained due to distinct role."
South Korea ; Korean ; RenewablesAgency ; 한국에너지공단 ; Korea Energy Agency (KEA) ; https://www.energy.or.kr/ ; HIGH ; Implements national energy efficiency and renewable programmes ;
South Korea ; Korean ; NuclearAgency ; 원자력안전위원회 ; Nuclear Safety and Security Commission (NSSC) ; https://www.nssc.go.kr/ ; HIGH ; Nuclear safety regulator ;
South Korea ; Korean ; EnergyIndustryAssociation ; 한국전력산업협회 ; Korea Electric Power Industry Association (KEPIA) ; https://www.kepia.or.kr/ ; MED ; National electric power industry association ;
South Korea ; Korean ; RenewableIndustryAssociation ; 한국신·재생에너지협회 ; Korea New & Renewable Energy Association (KNREA) ; https://www.knrea.or.kr/ ; MED ; National renewable energy industry association ;
South Korea ; Korean ; AdvisoryCouncil ; 전력정책심의회 ; Electricity Policy Deliberation Council ; https://www.motie.go.kr/ ; LOW ; Government advisory council on electricity policy ;" No standalone official website located; linked to MOTIE."
South Korea ; Korean ; EnergyResearchInstitute ; 한국에너지기술연구원 ; Korea Institute of Energy Research (KIER) ; https://www.kier.re.kr/ ; HIGH ; National energy R&D institute ;
Poland ; Polish ; TSO ; Polskie Sieci Elektroenergetyczne S.A. ; Polish Power Grid Company (PSE) ; https://www.pse.pl/ ; HIGH ; National transmission system operator ;
Poland ; Polish ; ElectricityRegulator ; Urząd Regulacji Energetyki ; Energy Regulatory Office (URE) ; https://www.ure.gov.pl/ ; HIGH ; National energy regulator ;
Poland ; Polish ; EnergyMinistry ; Ministerstwo Klimatu i Środowiska ; Ministry of Climate and Environment ; https://www.gov.pl/web/klimat ; HIGH ; National energy/climate policy ministry ;
Poland ; Polish ; MarketOperator ; Towarowa Giełda Energii S.A. ; Polish Power Exchange (TGE) ; https://tge.pl/ ; HIGH ; Power exchange / wholesale market operator ;
Poland ; Polish ; SystemPlanningBody ; Polskie Sieci Elektroenergetyczne S.A. ; Polish Power Grid Company (PSE) ; https://www.pse.pl/ ; HIGH ; Transmission development planning and system operation planning ;" Same institution as TSO; retained due to distinct role."
Poland ; Polish ; RenewablesAgency ; Narodowy Fundusz Ochrony Środowiska i Gospodarki Wodnej ; National Fund for Environmental Protection and Water Management (NFOŚiGW) ; https://www.gov.pl/web/nfosigw ; MED ; National programmes/financing including renewables support ;
Poland ; Polish ; NuclearAgency ; Państwowa Agencja Atomistyki ; National Atomic Energy Agency (PAA) ; https://www.gov.pl/web/paa ; HIGH ; National nuclear and radiation authority ;
Poland ; Polish ; EnergyIndustryAssociation ; Polski Komitet Energii Elektrycznej ; Polish Electricity Committee (PKEE) ; https://pkee.pl/ ; MED ; National electricity industry association ;
Poland ; Polish ; RenewableIndustryAssociation ; Polska Izba Gospodarcza Energetyki Odnawialnej i Rozproszonej ; Polish Chamber of Renewable Energy and Distributed Energy (PIGEOR) ; https://pigeor.pl/ ; MED ; Renewable energy industry association ;
Poland ; Polish ; EnergyResearchInstitute ; Instytut Energetyki – Państwowy Instytut Badawczy ; Institute of Power Engineering – National Research Institute (IEN-PIB) ; https://ien.com.pl/ ; MED ; National energy research institute ;
Pakistan ; Urdu ; TSO ; نیشنل ٹرانسمیشن اینڈ ڈسپیچ کمپنی لمیٹڈ ; National Transmission and Despatch Company Limited (NTDC) ; https://www.ntdc.com.pk/ ; HIGH ; National transmission company and grid operator ;
Pakistan ; Urdu ; ElectricityRegulator ; نیشنل الیکٹرک پاور ریگولیٹری اتھارٹی ; National Electric Power Regulatory Authority (NEPRA) ; https://nepra.org.pk/ ; HIGH ; National electricity regulator ;
Pakistan ; Urdu ; EnergyMinistry ; وزارتِ توانائی (پاور ڈویژن) ; Ministry of Energy (Power Division) ; https://power.gov.pk/ ; HIGH ; National electricity policy and administration ;
Pakistan ; Urdu ; MarketOperator ; سینٹرل پاور پرچیزنگ ایجنسی (گارنٹی) لمیٹڈ ; Central Power Purchasing Agency (Guarantee) Limited (CPPA-G) ; https://cppag.gov.pk/ ; MED ; Central buyer / market operations for competitive trading arrangements ;
Pakistan ; Urdu ; SystemPlanningBody ; نیشنل ٹرانسمیشن اینڈ ڈسپیچ کمپنی لمیٹڈ ; National Transmission and Despatch Company Limited (NTDC) ; https://www.ntdc.com.pk/ ; MED ; Transmission planning and network development ;" Same institution as TSO; retained due to distinct role."
Pakistan ; Urdu ; RenewablesAgency ; پرائیویٹ پاور اینڈ انفراسٹرکچر بورڈ ; Private Power and Infrastructure Board (PPIB) ; https://www.ppib.gov.pk/ ; MED ; Facilitates private power projects incl. renewables (absorbed AEDB functions) ;
Pakistan ; Urdu ; NuclearAgency ; پاکستان نیوکلیئر ریگولیٹری اتھارٹی ; Pakistan Nuclear Regulatory Authority (PNRA) ; https://pnra.org/ ; HIGH ; Nuclear safety regulator ;
Pakistan ; Urdu ; EnergyResearchInstitute ; پاکستان کونسل برائے قابلِ تجدید توانائی ٹیکنالوجیز ; Pakistan Council of Renewable Energy Technologies (PCRET) ; https://pcret.gov.pk/ ; MED ; National renewable energy technology R&D and promotion body ;
Philippines ; English ; TSO ; National Grid Corporation of the Philippines ; National Grid Corporation of the Philippines (NGCP) ; https://www.ngcp.ph/ ; HIGH ; National transmission concessionaire and grid operator ;
Philippines ; English ; ElectricityRegulator ; Energy Regulatory Commission ; Energy Regulatory Commission (ERC) ; https://www.erc.gov.ph/ ; HIGH ; National electricity regulator ;
Philippines ; English ; EnergyMinistry ; Department of Energy ; Department of Energy (DOE) ; https://www.doe.gov.ph/ ; HIGH ; National energy and electricity ministry ;
Philippines ; English ; MarketOperator ; Independent Electricity Market Operator of the Philippines, Inc. ; Independent Electricity Market Operator of the Philippines (IEMOP) ; https://www.iemop.ph/ ; HIGH ; Wholesale electricity spot market operator (WESM) ;
Philippines ; English ; SystemPlanningBody ; Department of Energy ; Department of Energy (DOE) ; https://www.doe.gov.ph/ ; MED ; Power development planning and sector planning ;" Same institution as EnergyMinistry; retained due to distinct role."
Philippines ; English ; RenewablesAgency ; National Renewable Energy Board ; National Renewable Energy Board (NREB) ; https://www.doe.gov.ph/ ; LOW ; Advises on renewable energy policy and programmes ;" No standalone official website located; linked to DOE."
Philippines ; English ; NuclearAgency ; Philippine Nuclear Research Institute ; Philippine Nuclear Research Institute (PNRI) ; https://pnri.dost.gov.ph/ ; MED ; National nuclear research and radiation-related regulatory functions ;
Philippines ; English ; RenewableIndustryAssociation ; Renewable Energy Association of the Philippines ; Renewable Energy Association of the Philippines (REAP) ; https://reap.org.ph/ ; MED ; Renewable energy industry association ;
Japan ; Japanese ; TSO ; 電力広域的運営推進機関 ; Organization for Cross-regional Coordination of Transmission Operators (OCCTO) ; https://www.occto.or.jp/ ; HIGH ; National coordination body for transmission operation and cross-regional balancing ;
Japan ; Japanese ; ElectricityRegulator ; 電力・ガス取引監視等委員会 ; Electricity and Gas Market Surveillance Commission (EGC) ; https://www.egc.meti.go.jp/ ; HIGH ; Electricity and gas market regulator/monitoring commission ;
Japan ; Japanese ; EnergyMinistry ; 経済産業省 ; Ministry of Economy, Trade and Industry (METI) ; https://www.meti.go.jp/ ; HIGH ; National electricity and energy policy ministry ;
Japan ; Japanese ; MarketOperator ; 日本卸電力取引所 ; Japan Electric Power Exchange (JEPX) ; https://www.jepx.org/ ; HIGH ; Power exchange / wholesale market operator ;
Japan ; Japanese ; SystemPlanningBody ; 電力広域的運営推進機関 ; Organization for Cross-regional Coordination of Transmission Operators (OCCTO) ; https://www.occto.or.jp/ ; HIGH ; National grid planning coordination (e.g., cross-regional development) ;" Same institution as TSO; retained due to distinct role."
Japan ; Japanese ; RenewablesAgency ; 資源エネルギー庁 ; Agency for Natural Resources and Energy (ANRE) ; https://www.enecho.meti.go.jp/ ; HIGH ; National renewables/energy programmes and policy implementation ;
Japan ; Japanese ; NuclearAgency ; 原子力規制委員会 ; Nuclear Regulation Authority (NRA) ; https://www.nsr.go.jp/ ; HIGH ; Nuclear safety regulator ;
Japan ; Japanese ; EnergyIndustryAssociation ; 電気事業連合会 ; Federation of Electric Power Companies of Japan (FEPC) ; https://www.fepc.or.jp/ ; HIGH ; National electricity industry association ;
Japan ; Japanese ; RenewableIndustryAssociation ; 一般社団法人 再生可能エネルギー協議会 ; Japan Renewable Energy Council ; https://www.japanrenewableenergycouncil.jp/ ; MED ; Renewable energy industry association ;
Japan ; Japanese ; AdvisoryCouncil ; 総合資源エネルギー調査会 ; Advisory Committee for Natural Resources and Energy ; https://www.meti.go.jp/shingikai/enecho/ ; MED ; Government advisory council on energy policy and electricity-related issues ;
Japan ; Japanese ; EnergyResearchInstitute ; 電力中央研究所 ; Central Research Institute of Electric Power Industry (CRIEPI) ; https://criepi.denken.or.jp/ ; HIGH ; National electricity sector research institute ;
Indonesia ; Indonesian ; TSO ; PT PLN (Persero) ; PT PLN (Persero) ; https://www.pln.co.id/ ; HIGH ; State-owned utility operating transmission and system operation nationally ;
Indonesia ; Indonesian ; ElectricityRegulator ; Direktorat Jenderal Ketenagalistrikan ; Directorate General of Electricity (DJK) ; https://djk.esdm.go.id/ ; HIGH ; National electricity regulator within ESDM ;
Indonesia ; Indonesian ; EnergyMinistry ; Kementerian Energi dan Sumber Daya Mineral ; Ministry of Energy and Mineral Resources (ESDM) ; https://www.esdm.go.id/ ; HIGH ; National energy and electricity ministry ;
Indonesia ; Indonesian ; SystemPlanningBody ; Direktorat Jenderal Ketenagalistrikan ; Directorate General of Electricity (DJK) ; https://djk.esdm.go.id/ ; MED ; National power sector planning and oversight ;" Same institution as ElectricityRegulator; retained due to distinct role."
Indonesia ; Indonesian ; RenewablesAgency ; Direktorat Jenderal Energi Baru, Terbarukan dan Konservasi Energi ; Directorate General of New, Renewable Energy and Energy Conservation (EBTKE) ; https://ebtke.esdm.go.id/ ; HIGH ; National renewables programmes and energy conservation ;
Indonesia ; Indonesian ; NuclearAgency ; Badan Pengawas Tenaga Nuklir ; Nuclear Energy Regulatory Agency (BAPETEN) ; https://www.bapeten.go.id/ ; HIGH ; Nuclear and radiation regulator ;
Indonesia ; Indonesian ; EnergyIndustryAssociation ; Masyarakat Ketenagalistrikan Indonesia ; Indonesian Electricity Society (MKI) ; https://mki.or.id/ ; MED ; National electricity ecosystem association ;
Indonesia ; Indonesian ; RenewableIndustryAssociation ; Masyarakat Energi Terbarukan Indonesia ; Indonesian Renewable Energy Society (METI) ; https://meti.or.id/ ; MED ; Renewable energy industry association ;
Indonesia ; Indonesian ; AdvisoryCouncil ; Dewan Energi Nasional ; National Energy Council (DEN) ; https://den.go.id/ ; MED ; Advises the President on national energy policy (incl. electricity) ;
Indonesia ; Indonesian ; EnergyResearchInstitute ; Badan Riset dan Inovasi Nasional ; National Research and Innovation Agency (BRIN) ; https://brin.go.id/ ; MED ; National energy-related research and innovation across sectors ;
South Africa ; English ; TSO ; National Transmission Company South Africa SOC Ltd ; National Transmission Company South Africa (NTCSA) ; https://www.ntcsa.co.za/ ; MED ; Transmission company / evolving TSO under Eskom unbundling ;
South Africa ; English ; ElectricityRegulator ; National Energy Regulator of South Africa ; NERSA ; https://www.nersa.org.za/ ; HIGH ; National energy regulator (electricity tariffs, licensing) ;
South Africa ; English ; EnergyMinistry ; Department of Electricity and Energy ; Department of Electricity and Energy (DEE) ; https://www.dmre.gov.za/ ; MED ; National electricity and energy ministry ;" Government directory indicates DEE; web presence hosted under DMRE domain."
South Africa ; English ; SystemPlanningBody ; Department of Electricity and Energy ; Department of Electricity and Energy (DEE) ; https://www.dmre.gov.za/ ; MED ; Leads national electricity planning (e.g., IRP) ;" Same institution as EnergyMinistry; retained due to distinct role."
South Africa ; English ; RenewablesAgency ; South African National Energy Development Institute ; SANEDI ; https://www.sanedi.org.za/ ; MED ; Implements national energy programmes incl. renewables and innovation ;
South Africa ; English ; NuclearAgency ; National Nuclear Regulator ; NNR ; https://www.nnr.co.za/ ; HIGH ; Nuclear safety regulator ;
South Africa ; English ; RenewableIndustryAssociation ; South African Photovoltaic Industry Association ; SAPVIA ; https://www.sapvia.co.za/ ; MED ; Renewable energy industry association (solar PV) ;
South Africa ; English ; AdvisoryCouncil ; National Energy Crisis Committee ; NECOM ; https://www.gov.za/ ; LOW ; Government energy crisis advisory/coordination body ;" No dedicated standalone public website; referenced via national government portal."
South Africa ; English ; EnergyResearchInstitute ; Council for Scientific and Industrial Research ; CSIR ; https://www.csir.co.za/ ; MED ; National research institute supporting energy and power-system research ;
Germany ; German ; TSO ; 50Hertz Transmission GmbH ; 50Hertz Transmission ; https://www.50hertz.com/ ; HIGH ; Transmission system operator (northeast Germany) ;" Multi-TSO system; one of four national TSOs."
Germany ; German ; TSO ; Amprion GmbH ; Amprion ; https://www.amprion.net/ ; HIGH ; Transmission system operator (west Germany) ;" Multi-TSO system; one of four national TSOs."
Germany ; German ; TSO ; TenneT TSO GmbH ; TenneT Germany ; https://www.tennet.eu/ ; HIGH ; Transmission system operator (north/central Germany) ;" Multi-TSO system; one of four national TSOs."
Germany ; German ; TSO ; TransnetBW GmbH ; TransnetBW ; https://www.transnetbw.de/ ; HIGH ; Transmission system operator (southwest Germany) ;" Multi-TSO system; one of four national TSOs."
Germany ; German ; ElectricityRegulator ; Bundesnetzagentur ; Federal Network Agency (BNetzA) ; https://www.bundesnetzagentur.de/ ; HIGH ; National regulator for electricity networks and markets ;
Germany ; German ; EnergyMinistry ; Bundesministerium für Wirtschaft und Klimaschutz ; Federal Ministry for Economic Affairs and Climate Action (BMWK) ; https://www.bmwk.de/ ; HIGH ; National energy policy ministry ;
Germany ; German ; MarketOperator ; EPEX SPOT SE ; EPEX SPOT ; https://www.epexspot.com/ ; HIGH ; Power exchange / market operator ;
Germany ; German ; SystemPlanningBody ; Bundesnetzagentur ; Federal Network Agency (BNetzA) ; https://www.bundesnetzagentur.de/ ; HIGH ; Approves grid development plans and provides system planning oversight ;" Same institution as ElectricityRegulator; retained due to distinct role."
Germany ; German ; RenewablesAgency ; Deutsche Energie-Agentur GmbH ; German Energy Agency (dena) ; https://www.dena.de/ ; MED ; National energy transition agency supporting renewables and efficiency ;
Germany ; German ; NuclearAgency ; Bundesamt für die Sicherheit der nuklearen Entsorgung ; Federal Office for the Safety of Nuclear Waste Management (BASE) ; https://www.base.bund.de/ ; HIGH ; Federal authority for nuclear waste safety and oversight ;
Germany ; German ; EnergyIndustryAssociation ; Bundesverband der Energie- und Wasserwirtschaft ; German Association of Energy and Water Industries (BDEW) ; https://www.bdew.de/ ; HIGH ; National energy industry association ;
Germany ; German ; RenewableIndustryAssociation ; Bundesverband Erneuerbare Energie ; German Renewable Energy Federation (BEE) ; https://www.bee-ev.de/ ; HIGH ; National renewables industry federation ;
Germany ; German ; AdvisoryCouncil ; Expertenrat für Klimafragen ; Expert Council on Climate Issues ; https://www.expertenrat-klima.de/ ; LOW ; Independent advisory council on climate policy with strong electricity relevance ;
Germany ; German ; EnergyResearchInstitute ; Fraunhofer-Institut für Energiewirtschaft und Energiesystemtechnik IEE ; Fraunhofer IEE ; https://www.iee.fraunhofer.de/ ; HIGH ; National energy systems research institute ;
Australia ; English ; TSO ; Australian Energy Market Operator ; Australian Energy Market Operator (AEMO) ; https://www.aemo.com.au/ ; HIGH ; National power system operator across the NEM and other systems ;
Australia ; English ; MarketOperator ; Australian Energy Market Operator ; Australian Energy Market Operator (AEMO) ; https://www.aemo.com.au/ ; HIGH ; Operates wholesale electricity markets ;" Same institution as TSO; retained due to distinct role."
Australia ; English ; ElectricityRegulator ; Australian Energy Regulator ; Australian Energy Regulator (AER) ; https://www.aer.gov.au/ ; HIGH ; National energy regulator for networks and retail compliance ;
Australia ; English ; EnergyMinistry ; Department of Climate Change, Energy, the Environment and Water ; Department of Climate Change, Energy, the Environment and Water (DCCEEW) ; https://www.dcceew.gov.au/ ; HIGH ; National energy and climate policy ministry ;
Australia ; English ; SystemPlanningBody ; Australian Energy Market Operator ; Australian Energy Market Operator (AEMO) ; https://www.aemo.com.au/ ; HIGH ; Develops the Integrated System Plan (ISP) and system planning functions ;" Same institution as TSO; retained due to distinct role."
Australia ; English ; RenewablesAgency ; Australian Renewable Energy Agency ; Australian Renewable Energy Agency (ARENA) ; https://arena.gov.au/ ; HIGH ; National renewables funding and support agency ;
Australia ; English ; TSOAssociation ; Grid Australia ; Grid Australia ; https://www.grid-australia.org.au/ ; MED ; Association representing transmission network service providers ;
Australia ; English ; EnergyIndustryAssociation ; Australian Energy Council ; Australian Energy Council ; https://www.energycouncil.com.au/ ; HIGH ; National energy industry association ;
Australia ; English ; RenewableIndustryAssociation ; Clean Energy Council ; Clean Energy Council ; https://www.cleanenergycouncil.org.au/ ; HIGH ; National renewable energy industry association ;
Australia ; English ; AdvisoryCouncil ; Energy Security Board ; Energy Security Board (ESB) ; https://www.energy.gov.au/government-priorities/energy-security-board ; LOW ; National energy governance/advisory board (status may have changed) ;
Australia ; English ; EnergyResearchInstitute ; CSIRO ; Commonwealth Scientific and Industrial Research Organisation (CSIRO) ; https://www.csiro.au/ ; HIGH ; National research organisation supporting energy systems research ;
Brazil ; Portuguese ; TSO ; Operador Nacional do Sistema Elétrico ; National Electric System Operator (ONS) ; https://www.ons.org.br/ ; HIGH ; National system operator (dispatch and transmission coordination) ;
Brazil ; Portuguese ; ElectricityRegulator ; Agência Nacional de Energia Elétrica ; National Electric Energy Agency (ANEEL) ; https://www.aneel.gov.br/ ; HIGH ; National electricity regulator ;
Brazil ; Portuguese ; EnergyMinistry ; Ministério de Minas e Energia ; Ministry of Mines and Energy (MME) ; https://www.gov.br/mme/ ; HIGH ; National energy ministry ;
Brazil ; Portuguese ; MarketOperator ; Câmara de Comercialização de Energia Elétrica ; Electric Energy Trading Chamber (CCEE) ; https://www.ccee.org.br/ ; HIGH ; Wholesale electricity market clearing and trading chamber ;
Brazil ; Portuguese ; SystemPlanningBody ; Empresa de Pesquisa Energética ; Energy Research Office (EPE) ; https://www.epe.gov.br/ ; HIGH ; National energy system planning and studies ;
Brazil ; Portuguese ; NuclearAgency ; Comissão Nacional de Energia Nuclear ; National Nuclear Energy Commission (CNEN) ; https://www.gov.br/cnen/ ; HIGH ; National nuclear authority and regulator ;
Brazil ; Portuguese ; EnergyIndustryAssociation ; Associação Brasileira das Grandes Empresas Geradoras de Energia Elétrica ; Brazilian Association of Large Electricity Generators (ABRAGE) ; https://abrage.org.br/ ; MED ; National generation industry association ;
Brazil ; Portuguese ; RenewableIndustryAssociation ; Associação Brasileira de Energia Solar Fotovoltaica ; Brazilian Solar Photovoltaic Energy Association (ABSOLAR) ; https://www.absolar.org.br/ ; MED ; Renewable energy industry association (solar PV) ;
Brazil ; Portuguese ; AdvisoryCouncil ; Conselho Nacional de Política Energética ; National Council for Energy Policy (CNPE) ; https://www.gov.br/mme/pt-br/assuntos/conselhos-e-comites/conselho-nacional-de-politica-energetica-cnpe ; MED ; National energy policy advisory/decision council ;
Brazil ; Portuguese ; EnergyResearchInstitute ; Centro de Pesquisas de Energia Elétrica ; Electric Power Research Center (CEPEL) ; https://www.cepel.br/ ; MED ; National electricity sector research institute ;
Mexico ; Spanish ; TSO ; Comisión Federal de Electricidad ; Federal Electricity Commission (CFE) ; https://www.cfe.mx/ ; HIGH ; Owns/operates national transmission assets (through CFE transmission function) ;
Mexico ; Spanish ; ElectricityRegulator ; Comisión Nacional de Energía ; National Energy Commission (CNE) ; https://www.gob.mx/cne ; MED ; National energy regulator (successor integrating former regulators) ;" Sector governance reformed in 2025; CNE positioned as successor to CRE/CNH."
Mexico ; Spanish ; EnergyMinistry ; Secretaría de Energía ; Secretariat of Energy (SENER) ; https://www.gob.mx/sener ; HIGH ; National energy and electricity policy ministry ;
Mexico ; Spanish ; MarketOperator ; Centro Nacional de Control de Energía ; National Center for Energy Control (CENACE) ; https://www.gob.mx/cenace ; HIGH ; Electricity market operator and dispatch coordinator ;
Mexico ; Spanish ; ISO_RTO ; Centro Nacional de Control de Energía ; National Center for Energy Control (CENACE) ; https://www.gob.mx/cenace ; HIGH ; Independent system operator (system operation and dispatch) ;" Same institution as MarketOperator; retained due to distinct role."
Mexico ; Spanish ; SystemPlanningBody ; Secretaría de Energía ; Secretariat of Energy (SENER) ; https://www.gob.mx/sener ; HIGH ; Power sector planning and policy instruments ;" Same institution as EnergyMinistry; retained due to distinct role."
Mexico ; Spanish ; NuclearAgency ; Comisión Nacional de Seguridad Nuclear y Salvaguardias ; National Commission for Nuclear Safety and Safeguards (CNSNS) ; https://www.gob.mx/cnsns ; HIGH ; Nuclear and radiological safety regulator ;
Mexico ; Spanish ; EnergyIndustryAssociation ; Asociación Mexicana de Energía ; Mexican Energy Association (AME) ; https://www.amenergia.org/ ; MED ; National energy industry association (electricity and fuels) ;
Mexico ; Spanish ; RenewableIndustryAssociation ; Asociación Mexicana de Energía Solar ; Mexican Solar Energy Association (ASOLMEX) ; https://www.asolmex.org/ ; MED ; Renewable energy industry association (solar) ;
Mexico ; Spanish ; EnergyResearchInstitute ; Instituto Nacional de Electricidad y Energías Limpias ; National Institute of Electricity and Clean Energies (INEEL) ; https://www.ineel.mx/ ; HIGH ; National electricity and clean energy research institute ;
Türkiye ; Turkish ; TSO ; Türkiye Elektrik İletim A.Ş. ; Turkish Electricity Transmission Corporation (TEİAŞ) ; https://www.teias.gov.tr/ ; HIGH ; National transmission system operator ;
Türkiye ; Turkish ; ElectricityRegulator ; Enerji Piyasası Düzenleme Kurumu ; Energy Market Regulatory Authority (EPDK) ; https://www.epdk.gov.tr/ ; HIGH ; National energy/electricity market regulator ;
Türkiye ; Turkish ; EnergyMinistry ; T.C. Enerji ve Tabii Kaynaklar Bakanlığı ; Ministry of Energy and Natural Resources (ETKB) ; https://www.enerji.gov.tr/ ; HIGH ; National energy policy ministry ;
Türkiye ; Turkish ; MarketOperator ; Enerji Piyasaları İşletme A.Ş. ; Energy Exchange Istanbul (EPİAŞ) ; https://www.epias.com.tr/ ; HIGH ; Power exchange / market operator ;
Türkiye ; Turkish ; SystemPlanningBody ; Türkiye Elektrik İletim A.Ş. ; Turkish Electricity Transmission Corporation (TEİAŞ) ; https://www.teias.gov.tr/ ; HIGH ; Transmission development planning and system planning ;" Same institution as TSO; retained due to distinct role."
Türkiye ; Turkish ; RenewablesAgency ; Yenilenebilir Enerji Genel Müdürlüğü ; General Directorate of Renewable Energy (YEGM) ; https://www.yegm.gov.tr/ ; HIGH ; National renewables programmes and policy implementation ;
Türkiye ; Turkish ; NuclearAgency ; Nükleer Düzenleme Kurumu ; Nuclear Regulatory Authority (NDK) ; https://www.ndk.gov.tr/ ; HIGH ; Nuclear safety regulator ;
Türkiye ; Turkish ; EnergyIndustryAssociation ; Elektrik Üreticileri Derneği ; Electricity Producers Association (EÜD) ; https://www.eud.org.tr/ ; MED ; National electricity generation industry association ;
Türkiye ; Turkish ; RenewableIndustryAssociation ; Güneş Enerjisi Sanayicileri ve Endüstrisi Derneği ; Solar Energy Industrialists and Industry Association (GÜNDER) ; https://www.gunder.org.tr/ ; MED ; Renewable energy industry association (solar) ;
Türkiye ; Turkish ; EnergyResearchInstitute ; TÜBİTAK Marmara Araştırma Merkezi Enerji Enstitüsü ; TÜBİTAK MAM Energy Institute ; https://mam.tubitak.gov.tr/en ; MED ; National energy research institute ;
Vietnam ; Vietnamese ; TSO ; Tổng công ty Truyền tải điện Quốc gia ; National Power Transmission Corporation (EVNNPT) ; https://www.npt.com.vn/ ; HIGH ; National transmission company (EVN subsidiary) ;
Vietnam ; Vietnamese ; ElectricityRegulator ; Cục Điện lực ; Electricity Authority of Viet Nam (EAV) ; https://www.eav.gov.vn/ ; MED ; Electricity regulatory authority (licensing, regulation) ;
Vietnam ; Vietnamese ; EnergyMinistry ; Bộ Công Thương ; Ministry of Industry and Trade (MOIT) ; https://moit.gov.vn/ ; HIGH ; National electricity and energy policy ministry ;
Vietnam ; Vietnamese ; MarketOperator ; Công ty TNHH MTV Vận hành hệ thống điện và thị trường điện quốc gia ; National Power System and Market Operation Company (NSMO) ; https://nsmo.vn/ ; HIGH ; National electricity market operation ;
Vietnam ; Vietnamese ; ISO_RTO ; Công ty TNHH MTV Vận hành hệ thống điện và thị trường điện quốc gia ; National Power System and Market Operation Company (NSMO) ; https://nsmo.vn/ ; HIGH ; National system operator (dispatch and system operation) ;" Same institution as MarketOperator; retained due to distinct role."
Vietnam ; Vietnamese ; SystemPlanningBody ; Viện Năng lượng ; Institute of Energy (IE) ; http://viennangluong.vn/ ; MED ; National power system planning studies and master planning support ;
Vietnam ; Vietnamese ; NuclearAgency ; Cục An toàn bức xạ và hạt nhân ; Vietnam Agency for Radiation and Nuclear Safety (VARANS) ; https://www.varans.vn/ ; HIGH ; Nuclear and radiation safety authority ;
Vietnam ; Vietnamese ; EnergyIndustryAssociation ; Hiệp hội Năng lượng Việt Nam ; Vietnam Energy Association (VEA) ; https://vea.org.vn/ ; MED ; National energy industry association ;
Vietnam ; Vietnamese ; EnergyResearchInstitute ; Viện Năng lượng ; Institute of Energy (IE) ; http://viennangluong.vn/ ; MED ; National energy research institute ;" Same institution as SystemPlanningBody; retained due to distinct role."
Egypt ; Arabic ; TSO ; الشركة المصرية لنقل الكهرباء ; Egyptian Electricity Transmission Company (EETC) ; https://www.eetc.net.eg/ ; HIGH ; National electricity transmission company ;
Egypt ; Arabic ; ElectricityRegulator ; جهاز تنظيم مرفق الكهرباء وحماية المستهلك ; Egyptian Electric Utility and Consumer Protection Regulatory Agency (EgyptERA) ; https://egyptera.org/ ; HIGH ; National electricity regulator ;
Egypt ; Arabic ; EnergyMinistry ; وزارة الكهرباء والطاقة المتجددة ; Ministry of Electricity and Renewable Energy ; http://www.moee.gov.eg/ ; HIGH ; National electricity and energy ministry ;
Egypt ; Arabic ; SystemPlanningBody ; الشركة القابضة لكهرباء مصر ; Egyptian Electricity Holding Company (EEHC) ; http://www.eehc.gov.eg/ ; MED ; National electricity holding/planning coordination body for utilities ;
Egypt ; Arabic ; RenewablesAgency ; هيئة الطاقة الجديدة والمتجددة ; New and Renewable Energy Authority (NREA) ; https://nrea.gov.eg/ ; HIGH ; National renewables development authority ;
Egypt ; Arabic ; NuclearAgency ; هيئة الرقابة النووية والإشعاعية ; Egyptian Nuclear and Radiological Regulatory Authority (ENRRA) ; https://enrra.gov.eg/ ; MED ; Nuclear and radiological regulatory authority ;
Malaysia ; Malay ; TSO ; Tenaga Nasional Berhad ; Tenaga Nasional Berhad (TNB) ; https://www.tnb.com.my/ ; HIGH ; Primary national electricity utility operating transmission and system operations ;
Malaysia ; Malay ; ElectricityRegulator ; Suruhanjaya Tenaga ; Energy Commission (ST) ; https://www.st.gov.my/ ; HIGH ; National electricity and gas regulator ;
Malaysia ; Malay ; EnergyMinistry ; Kementerian Peralihan Tenaga dan Transformasi Air ; Ministry of Energy Transition and Water Transformation (PETRA) ; https://www.petra.gov.my/ ; HIGH ; National energy policy ministry for electricity and water ;
Malaysia ; Malay ; SystemPlanningBody ; Suruhanjaya Tenaga ; Energy Commission (ST) ; https://www.st.gov.my/ ; MED ; Power sector planning, licensing and technical regulation ;" Same institution as ElectricityRegulator; retained due to distinct role."
Malaysia ; Malay ; RenewablesAgency ; Pihak Berkuasa Pembangunan Tenaga Lestari Malaysia ; Sustainable Energy Development Authority (SEDA) Malaysia ; https://www.seda.gov.my/ ; HIGH ; National renewables policy implementation (e.g., FiT) ;
Malaysia ; Malay ; NuclearAgency ; Lembaga Perlesenan Tenaga Atom ; Atomic Energy Licensing Board (AELB) ; https://atom.gov.my/ ; MED ; Atomic energy and radiation licensing authority ;
Malaysia ; Malay ; EnergyResearchInstitute ; Institute of Energy Policy and Research (UNITEN) ; Institute of Energy Policy and Research (IEPRe) ; https://www.uniten.edu.my/iepre/ ; LOW ; Energy policy and power-sector research institute (major national energy university) ;" National-level relevance via UNITEN/TNB ecosystem; include as LOW confidence."
Nigeria ; English ; TSO ; Transmission Company of Nigeria ; Transmission Company of Nigeria (TCN) ; https://tcn.org.ng/ ; HIGH ; National transmission company and system operator ;
Nigeria ; English ; ElectricityRegulator ; Nigerian Electricity Regulatory Commission ; Nigerian Electricity Regulatory Commission (NERC) ; https://nerc.gov.ng/ ; HIGH ; National electricity regulator ;
Nigeria ; English ; EnergyMinistry ; Federal Ministry of Power ; Federal Ministry of Power (Nigeria) ; https://power.gov.ng/ ; MED ; National electricity policy ministry ;
Nigeria ; English ; MarketOperator ; Nigerian Bulk Electricity Trading Plc ; Nigerian Bulk Electricity Trading (NBET) ; https://nbet.com.ng/ ; MED ; Bulk trader / market intermediary ;
Nigeria ; English ; SystemPlanningBody ; Energy Commission of Nigeria ; Energy Commission of Nigeria (ECN) ; https://energy.gov.ng/ ; MED ; National energy planning and coordination body ;
Nigeria ; English ; RenewablesAgency ; Rural Electrification Agency ; Rural Electrification Agency (REA) ; https://rea.gov.ng/ ; MED ; National off-grid and rural electrification programmes (incl. renewables) ;
Nigeria ; English ; NuclearAgency ; Nigerian Nuclear Regulatory Authority ; Nigerian Nuclear Regulatory Authority (NNRA) ; https://nnra.gov.ng/ ; MED ; Nuclear and radiological regulator ;
Nigeria ; English ; RenewableIndustryAssociation ; Renewable Energy Association of Nigeria ; Renewable Energy Association of Nigeria (REAN) ; https://rean.org.ng/ ; MED ; Renewable energy industry association ;
Nigeria ; English ; EnergyResearchInstitute ; National Centre for Energy Research and Development ; National Centre for Energy Research and Development (NCERD) ; https://ncerd.gov.ng/ ; LOW ; National energy research institute ;
United Kingdom ; English ; TSO ; National Grid Electricity Transmission plc ; National Grid Electricity Transmission ; https://www.nationalgrid.com/electricity-transmission ; HIGH ; Transmission owner/operator for England and Wales ; Multi-TSO model with multiple transmission owners.
United Kingdom ; English ; TSO ; Scottish Power Transmission Limited ; Scottish Power Transmission ; https://www.spenergynetworks.co.uk/pages/scottish_power_transmission.aspx ; HIGH ; Transmission owner/operator for central and southern Scotland ; Multi-TSO model with multiple transmission owners.
United Kingdom ; English ; TSO ; Scottish Hydro Electric Transmission plc ; SSEN Transmission ; https://www.ssen-transmission.co.uk/ ; HIGH ; Transmission owner/operator for northern Scotland ; Multi-TSO model with multiple transmission owners.
United Kingdom ; English ; ElectricityRegulator ; Office of Gas and Electricity Markets ; Ofgem ; https://www.ofgem.gov.uk/ ; HIGH ; National electricity and gas regulator ;
United Kingdom ; English ; EnergyMinistry ; Department for Energy Security and Net Zero ; DESNZ ; https://www.gov.uk/government/organisations/department-for-energy-security-and-net-zero ; HIGH ; National energy ministry ;
United Kingdom ; English ; MarketOperator ; Elexon Limited ; Elexon ; https://www.elexon.co.uk/ ; MED ; Balancing and Settlement Code company / settlement systems operator ;
United Kingdom ; English ; ISO_RTO ; National Energy System Operator ; National Energy System Operator (NESO) ; https://www.neso.energy/ ; HIGH ; National electricity system operator ;
United Kingdom ; English ; SystemPlanningBody ; National Energy System Operator ; National Energy System Operator (NESO) ; https://www.neso.energy/ ; HIGH ; National system planning (scenarios and network planning functions) ;" Same institution as ISO_RTO; retained due to distinct role."
United Kingdom ; English ; NuclearAgency ; Office for Nuclear Regulation ; Office for Nuclear Regulation (ONR) ; https://www.onr.org.uk/ ; HIGH ; Nuclear safety regulator ;
United Kingdom ; English ; TSOAssociation ; Energy Networks Association ; Energy Networks Association (ENA) ; https://www.energynetworks.org/ ; HIGH ; Association for electricity/gas network operators ;
United Kingdom ; English ; EnergyIndustryAssociation ; Energy UK ; Energy UK ; https://www.energy-uk.org.uk/ ; HIGH ; National energy industry association ;
United Kingdom ; English ; RenewableIndustryAssociation ; RenewableUK ; RenewableUK ; https://www.renewableuk.com/ ; HIGH ; Renewable energy industry association ;
United Kingdom ; English ; AdvisoryCouncil ; Climate Change Committee ; Climate Change Committee (CCC) ; https://www.theccc.org.uk/ ; HIGH ; Statutory advisory body on climate policy with strong electricity relevance ;
United Kingdom ; English ; EnergyResearchInstitute ; UK Energy Research Centre ; UK Energy Research Centre (UKERC) ; https://ukerc.ac.uk/ ; HIGH ; National energy research centre ;
Spain ; Spanish ; TSO ; Red Eléctrica de España, S.A.U. ; Red Eléctrica (REE) ; https://www.ree.es/ ; HIGH ; National transmission system operator ;
Spain ; Spanish ; ElectricityRegulator ; Comisión Nacional de los Mercados y la Competencia ; National Commission on Markets and Competition (CNMC) ; https://www.cnmc.es/ ; HIGH ; National energy/electricity market regulator ;
Spain ; Spanish ; EnergyMinistry ; Ministerio para la Transición Ecológica y el Reto Demográfico ; Ministry for the Ecological Transition and the Demographic Challenge (MITECO) ; https://www.miteco.gob.es/ ; HIGH ; National energy and climate ministry ;
Spain ; Spanish ; MarketOperator ; Operador del Mercado Ibérico de Energía, Polo Español, S.A. ; Iberian Energy Market Operator (OMIE) ; https://www.omie.es/ ; HIGH ; Wholesale electricity market operator (Spain) ;
Spain ; Spanish ; SystemPlanningBody ; Red Eléctrica de España, S.A.U. ; Red Eléctrica (REE) ; https://www.ree.es/ ; HIGH ; Transmission planning and system operation planning ;" Same institution as TSO; retained due to distinct role."
Spain ; Spanish ; RenewablesAgency ; Instituto para la Diversificación y Ahorro de la Energía ; Institute for Energy Diversification and Saving (IDAE) ; https://www.idae.es/ ; HIGH ; National energy efficiency and renewables support agency ;
Spain ; Spanish ; NuclearAgency ; Consejo de Seguridad Nuclear ; Nuclear Safety Council (CSN) ; https://www.csn.es/ ; HIGH ; Nuclear safety regulator ;
Spain ; Spanish ; EnergyIndustryAssociation ; aelēc ; aelēc (Spanish Electricity Industry Association) ; https://www.aelec.es/ ; MED ; National electricity industry association ;
Spain ; Spanish ; RenewableIndustryAssociation ; APPA Renovables ; APPA Renovables ; https://www.appa.es/ ; MED ; Renewable energy industry association ;
Spain ; Spanish ; EnergyResearchInstitute ; Centro de Investigaciones Energéticas, Medioambientales y Tecnológicas ; CIEMAT ; https://www.ciemat.es/ ; HIGH ; National energy and technology research institute ;
Italy ; Italian ; TSO ; Terna S.p.A. ; Terna ; https://www.terna.it/ ; HIGH ; National transmission system operator ;
Italy ; Italian ; ElectricityRegulator ; Autorità di Regolazione per Energia Reti e Ambiente ; Regulatory Authority for Energy, Networks and Environment (ARERA) ; https://www.arera.it/ ; HIGH ; National energy regulator ;
Italy ; Italian ; EnergyMinistry ; Ministero dell'Ambiente e della Sicurezza Energetica ; Ministry of Environment and Energy Security (MASE) ; https://www.mase.gov.it/ ; HIGH ; National energy and climate ministry ;
Italy ; Italian ; MarketOperator ; Gestore dei Mercati Energetici S.p.A. ; Gestore dei Mercati Energetici (GME) ; https://www.mercatoelettrico.org/ ; HIGH ; Electricity market operator / power exchange ;
Italy ; Italian ; SystemPlanningBody ; Terna S.p.A. ; Terna ; https://www.terna.it/ ; HIGH ; Transmission planning and system planning functions ;" Same institution as TSO; retained due to distinct role."
Italy ; Italian ; RenewablesAgency ; Gestore dei Servizi Energetici GSE S.p.A. ; Gestore dei Servizi Energetici (GSE) ; https://www.gse.it/ ; HIGH ; Renewables incentives management and energy services ;
Italy ; Italian ; NuclearAgency ; Ispettorato Nazionale per la Sicurezza Nucleare e la Radioprotezione ; National Inspectorate for Nuclear Safety and Radiation Protection (ISIN) ; https://www.isinucleare.it/ ; MED ; Nuclear and radiological safety authority ;
Italy ; Italian ; EnergyIndustryAssociation ; Elettricità Futura ; Elettricità Futura ; https://www.elettricitafutura.it/ ; MED ; National electricity industry association ;
Italy ; Italian ; RenewableIndustryAssociation ; Italia Solare ; Italia Solare ; https://www.italiasolare.eu/ ; MED ; Renewable energy industry association (solar) ;
Italy ; Italian ; EnergyResearchInstitute ; ENEA ; ENEA (Italian National Agency for New Technologies, Energy and Sustainable Economic Development) ; https://www.enea.it/ ; HIGH ; National energy research and innovation agency ;
Taiwan ; Chinese ; TSO ; 台灣電力公司 ; Taiwan Power Company (Taipower) ; https://www.taipower.com.tw/ ; HIGH ; National electricity utility operating transmission and system operation ;
Taiwan ; Chinese ; ElectricityRegulator ; 經濟部能源署 ; Energy Administration, Ministry of Economic Affairs (MOEA) ; https://www.moeaea.gov.tw/ ; MED ; National energy administration and electricity regulatory functions ;" Name and domain may vary due to recent reorganization; include as MED."
Taiwan ; Chinese ; EnergyMinistry ; 經濟部 ; Ministry of Economic Affairs (MOEA) ; https://www.moea.gov.tw/ ; HIGH ; National economic and energy ministry ;
Taiwan ; Chinese ; SystemPlanningBody ; 經濟部能源署 ; Energy Administration, Ministry of Economic Affairs (MOEA) ; https://www.moeaea.gov.tw/ ; MED ; National energy/electricity planning and policy implementation ;" Same institution as ElectricityRegulator; retained due to distinct role."
Taiwan ; Chinese ; NuclearAgency ; 核能安全委員會 ; Nuclear Safety Commission ; https://www.nusc.gov.tw/ ; MED ; Nuclear safety regulator ;
Taiwan ; Chinese ; EnergyResearchInstitute ; 工業技術研究院 ; Industrial Technology Research Institute (ITRI) ; https://www.itri.org.tw/ ; HIGH ; Major national energy and technology research institute ;
Thailand ; Thai ; TSO ; การไฟฟ้าฝ่ายผลิตแห่งประเทศไทย ; Electricity Generating Authority of Thailand (EGAT) ; https://www.egat.co.th/ ; HIGH ; National transmission owner/operator and generation utility ;
Thailand ; Thai ; ElectricityRegulator ; สำนักงานคณะกรรมการกำกับกิจการพลังงาน ; Energy Regulatory Commission (ERC) Thailand ; https://www.erc.or.th/ ; HIGH ; National electricity regulator ;
Thailand ; Thai ; EnergyMinistry ; กระทรวงพลังงาน ; Ministry of Energy (Thailand) ; https://www.energy.go.th/ ; HIGH ; National energy and electricity ministry ;
Thailand ; Thai ; SystemPlanningBody ; สำนักงานนโยบายและแผนพลังงาน ; Energy Policy and Planning Office (EPPO) ; https://www.eppo.go.th/ ; HIGH ; National energy system planning and policy office ;
Thailand ; Thai ; RenewablesAgency ; กรมพัฒนาพลังงานทดแทนและอนุรักษ์พลังงาน ; Department of Alternative Energy Development and Efficiency (DEDE) ; https://www.dede.go.th/ ; HIGH ; National renewables and energy efficiency programmes ;
Thailand ; Thai ; NuclearAgency ; สำนักงานปรมาณูเพื่อสันติ ; Office of Atoms for Peace (OAP) ; https://www.oap.go.th/ ; MED ; Nuclear and radiation regulatory authority ;
Thailand ; Thai ; AdvisoryCouncil ; คณะกรรมการนโยบายพลังงานแห่งชาติ ; National Energy Policy Council (NEPC) ; https://www.eppo.go.th/index.php/en/nepc ; MED ; National energy policy council advising/deciding on energy policy ;
